,files,labels
0,./CarData/TrainImages/pos-263.pgm,1
1,./CarData/TrainImages/pos-76.pgm,1
2,./CarData/TrainImages/pos-527.pgm,1
3,./CarData/TrainImages/neg-398.pgm,0
4,./CarData/TrainImages/pos-421.pgm,1
5,./CarData/TrainImages/pos-492.pgm,1
6,./CarData/TrainImages/neg-469.pgm,0
7,./CarData/TrainImages/neg-8.pgm,0
8,./CarData/TrainImages/pos-455.pgm,1
9,./CarData/TrainImages/neg-251.pgm,0
10,./CarData/TrainImages/pos-528.pgm,1
11,./CarData/TrainImages/neg-487.pgm,0
12,./CarData/TrainImages/neg-379.pgm,0
13,./CarData/TrainImages/pos-125.pgm,1
14,./CarData/TrainImages/pos-491.pgm,1
15,./CarData/TrainImages/neg-334.pgm,0
16,./CarData/TrainImages/neg-105.pgm,0
17,./CarData/TrainImages/pos-507.pgm,1
18,./CarData/TrainImages/pos-542.pgm,1
19,./CarData/TrainImages/pos-36.pgm,1
20,./CarData/TrainImages/pos-409.pgm,1
21,./CarData/TrainImages/pos-143.pgm,1
22,./CarData/TrainImages/pos-397.pgm,1
23,./CarData/TrainImages/neg-370.pgm,0
24,./CarData/TrainImages/pos-173.pgm,1
25,./CarData/TrainImages/pos-87.pgm,1
26,./CarData/TrainImages/pos-313.pgm,1
27,./CarData/TrainImages/neg-284.pgm,0
28,./CarData/TrainImages/neg-438.pgm,0
29,./CarData/TrainImages/pos-547.pgm,1
30,./CarData/TrainImages/neg-36.pgm,0
31,./CarData/TrainImages/pos-496.pgm,1
32,./CarData/TrainImages/neg-156.pgm,0
33,./CarData/TrainImages/pos-115.pgm,1
34,./CarData/TrainImages/pos-61.pgm,1
35,./CarData/TrainImages/pos-522.pgm,1
36,./CarData/TrainImages/neg-295.pgm,0
37,./CarData/TrainImages/neg-289.pgm,0
38,./CarData/TrainImages/neg-399.pgm,0
39,./CarData/TrainImages/pos-448.pgm,1
40,./CarData/TrainImages/neg-133.pgm,0
41,./CarData/TrainImages/pos-481.pgm,1
42,./CarData/TrainImages/neg-447.pgm,0
43,./CarData/TrainImages/pos-150.pgm,1
44,./CarData/TrainImages/neg-47.pgm,0
45,./CarData/TrainImages/pos-122.pgm,1
46,./CarData/TrainImages/pos-163.pgm,1
47,./CarData/TrainImages/neg-151.pgm,0
48,./CarData/TrainImages/neg-464.pgm,0
49,./CarData/TrainImages/pos-434.pgm,1
50,./CarData/TrainImages/pos-357.pgm,1
51,./CarData/TrainImages/pos-424.pgm,1
52,./CarData/TrainImages/pos-395.pgm,1
53,./CarData/TrainImages/pos-319.pgm,1
54,./CarData/TrainImages/pos-332.pgm,1
55,./CarData/TrainImages/neg-377.pgm,0
56,./CarData/TrainImages/pos-154.pgm,1
57,./CarData/TrainImages/pos-427.pgm,1
58,./CarData/TrainImages/neg-321.pgm,0
59,./CarData/TrainImages/pos-11.pgm,1
60,./CarData/TrainImages/neg-389.pgm,0
61,./CarData/TrainImages/neg-3.pgm,0
62,./CarData/TrainImages/pos-350.pgm,1
63,./CarData/TrainImages/pos-152.pgm,1
64,./CarData/TrainImages/pos-301.pgm,1
65,./CarData/TrainImages/neg-259.pgm,0
66,./CarData/TrainImages/neg-61.pgm,0
67,./CarData/TrainImages/neg-386.pgm,0
68,./CarData/TrainImages/pos-504.pgm,1
69,./CarData/TrainImages/pos-77.pgm,1
70,./CarData/TrainImages/pos-262.pgm,1
71,./CarData/TrainImages/neg-306.pgm,0
72,./CarData/TrainImages/pos-181.pgm,1
73,./CarData/TrainImages/neg-37.pgm,0
74,./CarData/TrainImages/pos-38.pgm,1
75,./CarData/TrainImages/neg-263.pgm,0
76,./CarData/TrainImages/neg-363.pgm,0
77,./CarData/TrainImages/pos-213.pgm,1
78,./CarData/TrainImages/pos-200.pgm,1
79,./CarData/TrainImages/pos-475.pgm,1
80,./CarData/TrainImages/neg-254.pgm,0
81,./CarData/TrainImages/neg-241.pgm,0
82,./CarData/TrainImages/pos-3.pgm,1
83,./CarData/TrainImages/pos-89.pgm,1
84,./CarData/TrainImages/neg-39.pgm,0
85,./CarData/TrainImages/neg-160.pgm,0
86,./CarData/TrainImages/neg-355.pgm,0
87,./CarData/TrainImages/pos-407.pgm,1
88,./CarData/TrainImages/neg-327.pgm,0
89,./CarData/TrainImages/pos-489.pgm,1
90,./CarData/TrainImages/neg-11.pgm,0
91,./CarData/TrainImages/pos-354.pgm,1
92,./CarData/TrainImages/neg-324.pgm,0
93,./CarData/TrainImages/neg-366.pgm,0
94,./CarData/TrainImages/pos-242.pgm,1
95,./CarData/TrainImages/neg-159.pgm,0
96,./CarData/TrainImages/neg-213.pgm,0
97,./CarData/TrainImages/pos-202.pgm,1
98,./CarData/TrainImages/pos-470.pgm,1
99,./CarData/TrainImages/pos-521.pgm,1
100,./CarData/TrainImages/neg-383.pgm,0
101,./CarData/TrainImages/pos-60.pgm,1
102,./CarData/TrainImages/pos-114.pgm,1
103,./CarData/TrainImages/pos-139.pgm,1
104,./CarData/TrainImages/neg-192.pgm,0
105,./CarData/TrainImages/pos-107.pgm,1
106,./CarData/TrainImages/pos-184.pgm,1
107,./CarData/TrainImages/pos-20.pgm,1
108,./CarData/TrainImages/neg-433.pgm,0
109,./CarData/TrainImages/pos-509.pgm,1
110,./CarData/TrainImages/pos-251.pgm,1
111,./CarData/TrainImages/pos-390.pgm,1
112,./CarData/TrainImages/pos-197.pgm,1
113,./CarData/TrainImages/pos-545.pgm,1
114,./CarData/TrainImages/neg-162.pgm,0
115,./CarData/TrainImages/neg-372.pgm,0
116,./CarData/TrainImages/pos-385.pgm,1
117,./CarData/TrainImages/neg-492.pgm,0
118,./CarData/TrainImages/neg-62.pgm,0
119,./CarData/TrainImages/neg-173.pgm,0
120,./CarData/TrainImages/neg-292.pgm,0
121,./CarData/TrainImages/neg-272.pgm,0
122,./CarData/TrainImages/neg-170.pgm,0
123,./CarData/TrainImages/neg-266.pgm,0
124,./CarData/TrainImages/pos-43.pgm,1
125,./CarData/TrainImages/neg-197.pgm,0
126,./CarData/TrainImages/neg-265.pgm,0
127,./CarData/TrainImages/neg-82.pgm,0
128,./CarData/TrainImages/neg-382.pgm,0
129,./CarData/TrainImages/pos-178.pgm,1
130,./CarData/TrainImages/neg-164.pgm,0
131,./CarData/TrainImages/pos-253.pgm,1
132,./CarData/TrainImages/pos-160.pgm,1
133,./CarData/TrainImages/pos-94.pgm,1
134,./CarData/TrainImages/neg-452.pgm,0
135,./CarData/TrainImages/neg-261.pgm,0
136,./CarData/TrainImages/pos-300.pgm,1
137,./CarData/TrainImages/neg-305.pgm,0
138,./CarData/TrainImages/pos-44.pgm,1
139,./CarData/TrainImages/pos-469.pgm,1
140,./CarData/TrainImages/neg-9.pgm,0
141,./CarData/TrainImages/neg-336.pgm,0
142,./CarData/TrainImages/neg-72.pgm,0
143,./CarData/TrainImages/neg-440.pgm,0
144,./CarData/TrainImages/pos-506.pgm,1
145,./CarData/TrainImages/neg-26.pgm,0
146,./CarData/TrainImages/neg-46.pgm,0
147,./CarData/TrainImages/neg-413.pgm,0
148,./CarData/TrainImages/neg-339.pgm,0
149,./CarData/TrainImages/neg-417.pgm,0
150,./CarData/TrainImages/neg-462.pgm,0
151,./CarData/TrainImages/pos-169.pgm,1
152,./CarData/TrainImages/neg-499.pgm,0
153,./CarData/TrainImages/pos-283.pgm,1
154,./CarData/TrainImages/neg-149.pgm,0
155,./CarData/TrainImages/neg-128.pgm,0
156,./CarData/TrainImages/pos-444.pgm,1
157,./CarData/TrainImages/neg-391.pgm,0
158,./CarData/TrainImages/pos-396.pgm,1
159,./CarData/TrainImages/pos-24.pgm,1
160,./CarData/TrainImages/neg-437.pgm,0
161,./CarData/TrainImages/neg-480.pgm,0
162,./CarData/TrainImages/neg-44.pgm,0
163,./CarData/TrainImages/pos-230.pgm,1
164,./CarData/TrainImages/neg-139.pgm,0
165,./CarData/TrainImages/neg-112.pgm,0
166,./CarData/TrainImages/pos-450.pgm,1
167,./CarData/TrainImages/pos-187.pgm,1
168,./CarData/TrainImages/neg-88.pgm,0
169,./CarData/TrainImages/neg-490.pgm,0
170,./CarData/TrainImages/pos-393.pgm,1
171,./CarData/TrainImages/neg-333.pgm,0
172,./CarData/TrainImages/pos-518.pgm,1
173,./CarData/TrainImages/neg-406.pgm,0
174,./CarData/TrainImages/neg-466.pgm,0
175,./CarData/TrainImages/neg-394.pgm,0
176,./CarData/TrainImages/neg-95.pgm,0
177,./CarData/TrainImages/neg-13.pgm,0
178,./CarData/TrainImages/pos-217.pgm,1
179,./CarData/TrainImages/neg-340.pgm,0
180,./CarData/TrainImages/pos-247.pgm,1
181,./CarData/TrainImages/neg-216.pgm,0
182,./CarData/TrainImages/pos-303.pgm,1
183,./CarData/TrainImages/neg-384.pgm,0
184,./CarData/TrainImages/pos-403.pgm,1
185,./CarData/TrainImages/pos-414.pgm,1
186,./CarData/TrainImages/pos-503.pgm,1
187,./CarData/TrainImages/pos-219.pgm,1
188,./CarData/TrainImages/pos-486.pgm,1
189,./CarData/TrainImages/pos-198.pgm,1
190,./CarData/TrainImages/pos-500.pgm,1
191,./CarData/TrainImages/neg-404.pgm,0
192,./CarData/TrainImages/neg-29.pgm,0
193,./CarData/TrainImages/neg-89.pgm,0
194,./CarData/TrainImages/pos-28.pgm,1
195,./CarData/TrainImages/pos-215.pgm,1
196,./CarData/TrainImages/pos-464.pgm,1
197,./CarData/TrainImages/pos-320.pgm,1
198,./CarData/TrainImages/neg-127.pgm,0
199,./CarData/TrainImages/neg-182.pgm,0
200,./CarData/TrainImages/pos-52.pgm,1
201,./CarData/TrainImages/pos-212.pgm,1
202,./CarData/TrainImages/pos-166.pgm,1
203,./CarData/TrainImages/pos-92.pgm,1
204,./CarData/TrainImages/pos-86.pgm,1
205,./CarData/TrainImages/pos-172.pgm,1
206,./CarData/TrainImages/neg-463.pgm,0
207,./CarData/TrainImages/pos-331.pgm,1
208,./CarData/TrainImages/neg-262.pgm,0
209,./CarData/TrainImages/neg-175.pgm,0
210,./CarData/TrainImages/pos-171.pgm,1
211,./CarData/TrainImages/pos-85.pgm,1
212,./CarData/TrainImages/pos-439.pgm,1
213,./CarData/TrainImages/pos-151.pgm,1
214,./CarData/TrainImages/neg-218.pgm,0
215,./CarData/TrainImages/neg-365.pgm,0
216,./CarData/TrainImages/neg-200.pgm,0
217,./CarData/TrainImages/pos-435.pgm,1
218,./CarData/TrainImages/neg-98.pgm,0
219,./CarData/TrainImages/neg-75.pgm,0
220,./CarData/TrainImages/pos-345.pgm,1
221,./CarData/TrainImages/neg-416.pgm,0
222,./CarData/TrainImages/pos-524.pgm,1
223,./CarData/TrainImages/neg-402.pgm,0
224,./CarData/TrainImages/pos-130.pgm,1
225,./CarData/TrainImages/neg-188.pgm,0
226,./CarData/TrainImages/pos-534.pgm,1
227,./CarData/TrainImages/pos-177.pgm,1
228,./CarData/TrainImages/pos-83.pgm,1
229,./CarData/TrainImages/neg-401.pgm,0
230,./CarData/TrainImages/neg-260.pgm,0
231,./CarData/TrainImages/neg-91.pgm,0
232,./CarData/TrainImages/neg-108.pgm,0
233,./CarData/TrainImages/neg-323.pgm,0
234,./CarData/TrainImages/neg-485.pgm,0
235,./CarData/TrainImages/pos-535.pgm,1
236,./CarData/TrainImages/pos-310.pgm,1
237,./CarData/TrainImages/neg-330.pgm,0
238,./CarData/TrainImages/pos-57.pgm,1
239,./CarData/TrainImages/pos-339.pgm,1
240,./CarData/TrainImages/pos-392.pgm,1
241,./CarData/TrainImages/pos-175.pgm,1
242,./CarData/TrainImages/pos-81.pgm,1
243,./CarData/TrainImages/neg-18.pgm,0
244,./CarData/TrainImages/neg-329.pgm,0
245,./CarData/TrainImages/pos-370.pgm,1
246,./CarData/TrainImages/neg-308.pgm,0
247,./CarData/TrainImages/neg-107.pgm,0
248,./CarData/TrainImages/pos-104.pgm,1
249,./CarData/TrainImages/pos-78.pgm,1
250,./CarData/TrainImages/neg-55.pgm,0
251,./CarData/TrainImages/pos-311.pgm,1
252,./CarData/TrainImages/neg-314.pgm,0
253,./CarData/TrainImages/pos-26.pgm,1
254,./CarData/TrainImages/neg-435.pgm,0
255,./CarData/TrainImages/pos-292.pgm,1
256,./CarData/TrainImages/pos-64.pgm,1
257,./CarData/TrainImages/pos-110.pgm,1
258,./CarData/TrainImages/neg-181.pgm,0
259,./CarData/TrainImages/neg-230.pgm,0
260,./CarData/TrainImages/pos-415.pgm,1
261,./CarData/TrainImages/neg-233.pgm,0
262,./CarData/TrainImages/neg-296.pgm,0
263,./CarData/TrainImages/pos-549.pgm,1
264,./CarData/TrainImages/pos-75.pgm,1
265,./CarData/TrainImages/pos-109.pgm,1
266,./CarData/TrainImages/neg-168.pgm,0
267,./CarData/TrainImages/pos-102.pgm,1
268,./CarData/TrainImages/pos-372.pgm,1
269,./CarData/TrainImages/pos-56.pgm,1
270,./CarData/TrainImages/neg-209.pgm,0
271,./CarData/TrainImages/pos-157.pgm,1
272,./CarData/TrainImages/pos-465.pgm,1
273,./CarData/TrainImages/neg-349.pgm,0
274,./CarData/TrainImages/pos-446.pgm,1
275,./CarData/TrainImages/pos-543.pgm,1
276,./CarData/TrainImages/pos-298.pgm,1
277,./CarData/TrainImages/neg-479.pgm,0
278,./CarData/TrainImages/pos-278.pgm,1
279,./CarData/TrainImages/neg-387.pgm,0
280,./CarData/TrainImages/neg-357.pgm,0
281,./CarData/TrainImages/pos-546.pgm,1
282,./CarData/TrainImages/pos-441.pgm,1
283,./CarData/TrainImages/pos-290.pgm,1
284,./CarData/TrainImages/neg-360.pgm,0
285,./CarData/TrainImages/neg-476.pgm,0
286,./CarData/TrainImages/neg-378.pgm,0
287,./CarData/TrainImages/pos-9.pgm,1
288,./CarData/TrainImages/pos-97.pgm,1
289,./CarData/TrainImages/pos-460.pgm,1
290,./CarData/TrainImages/neg-67.pgm,0
291,./CarData/TrainImages/neg-375.pgm,0
292,./CarData/TrainImages/pos-364.pgm,1
293,./CarData/TrainImages/pos-182.pgm,1
294,./CarData/TrainImages/pos-374.pgm,1
295,./CarData/TrainImages/pos-265.pgm,1
296,./CarData/TrainImages/pos-70.pgm,1
297,./CarData/TrainImages/neg-238.pgm,0
298,./CarData/TrainImages/pos-495.pgm,1
299,./CarData/TrainImages/pos-377.pgm,1
300,./CarData/TrainImages/neg-318.pgm,0
301,./CarData/TrainImages/pos-498.pgm,1
302,./CarData/TrainImages/neg-103.pgm,0
303,./CarData/TrainImages/pos-37.pgm,1
304,./CarData/TrainImages/pos-207.pgm,1
305,./CarData/TrainImages/neg-459.pgm,0
306,./CarData/TrainImages/neg-140.pgm,0
307,./CarData/TrainImages/neg-319.pgm,0
308,./CarData/TrainImages/neg-19.pgm,0
309,./CarData/TrainImages/pos-494.pgm,1
310,./CarData/TrainImages/pos-1.pgm,1
311,./CarData/TrainImages/neg-132.pgm,0
312,./CarData/TrainImages/pos-40.pgm,1
313,./CarData/TrainImages/neg-0.pgm,0
314,./CarData/TrainImages/neg-93.pgm,0
315,./CarData/TrainImages/pos-505.pgm,1
316,./CarData/TrainImages/pos-480.pgm,1
317,./CarData/TrainImages/pos-466.pgm,1
318,./CarData/TrainImages/neg-249.pgm,0
319,./CarData/TrainImages/neg-346.pgm,0
320,./CarData/TrainImages/pos-516.pgm,1
321,./CarData/TrainImages/pos-519.pgm,1
322,./CarData/TrainImages/neg-352.pgm,0
323,./CarData/TrainImages/neg-407.pgm,0
324,./CarData/TrainImages/neg-351.pgm,0
325,./CarData/TrainImages/neg-130.pgm,0
326,./CarData/TrainImages/neg-158.pgm,0
327,./CarData/TrainImages/neg-371.pgm,0
328,./CarData/TrainImages/neg-2.pgm,0
329,./CarData/TrainImages/pos-405.pgm,1
330,./CarData/TrainImages/neg-242.pgm,0
331,./CarData/TrainImages/pos-352.pgm,1
332,./CarData/TrainImages/neg-157.pgm,0
333,./CarData/TrainImages/pos-205.pgm,1
334,./CarData/TrainImages/pos-231.pgm,1
335,./CarData/TrainImages/pos-347.pgm,1
336,./CarData/TrainImages/pos-487.pgm,1
337,./CarData/TrainImages/neg-236.pgm,0
338,./CarData/TrainImages/pos-281.pgm,1
339,./CarData/TrainImages/neg-172.pgm,0
340,./CarData/TrainImages/pos-232.pgm,1
341,./CarData/TrainImages/pos-417.pgm,1
342,./CarData/TrainImages/neg-5.pgm,0
343,./CarData/TrainImages/neg-307.pgm,0
344,./CarData/TrainImages/pos-216.pgm,1
345,./CarData/TrainImages/pos-39.pgm,1
346,./CarData/TrainImages/pos-348.pgm,1
347,./CarData/TrainImages/neg-6.pgm,0
348,./CarData/TrainImages/pos-306.pgm,1
349,./CarData/TrainImages/pos-222.pgm,1
350,./CarData/TrainImages/pos-241.pgm,1
351,./CarData/TrainImages/neg-122.pgm,0
352,./CarData/TrainImages/neg-335.pgm,0
353,./CarData/TrainImages/neg-136.pgm,0
354,./CarData/TrainImages/pos-88.pgm,1
355,./CarData/TrainImages/pos-273.pgm,1
356,./CarData/TrainImages/pos-149.pgm,1
357,./CarData/TrainImages/pos-234.pgm,1
358,./CarData/TrainImages/neg-135.pgm,0
359,./CarData/TrainImages/pos-137.pgm,1
360,./CarData/TrainImages/neg-144.pgm,0
361,./CarData/TrainImages/pos-488.pgm,1
362,./CarData/TrainImages/neg-41.pgm,0
363,./CarData/TrainImages/neg-77.pgm,0
364,./CarData/TrainImages/pos-428.pgm,1
365,./CarData/TrainImages/neg-302.pgm,0
366,./CarData/TrainImages/neg-325.pgm,0
367,./CarData/TrainImages/neg-152.pgm,0
368,./CarData/TrainImages/pos-236.pgm,1
369,./CarData/TrainImages/pos-342.pgm,1
370,./CarData/TrainImages/pos-437.pgm,1
371,./CarData/TrainImages/neg-344.pgm,0
372,./CarData/TrainImages/neg-222.pgm,0
373,./CarData/TrainImages/pos-221.pgm,1
374,./CarData/TrainImages/pos-497.pgm,1
375,./CarData/TrainImages/pos-533.pgm,1
376,./CarData/TrainImages/neg-194.pgm,0
377,./CarData/TrainImages/pos-452.pgm,1
378,./CarData/TrainImages/neg-358.pgm,0
379,./CarData/TrainImages/neg-489.pgm,0
380,./CarData/TrainImages/neg-101.pgm,0
381,./CarData/TrainImages/pos-418.pgm,1
382,./CarData/TrainImages/pos-420.pgm,1
383,./CarData/TrainImages/pos-32.pgm,1
384,./CarData/TrainImages/pos-275.pgm,1
385,./CarData/TrainImages/neg-70.pgm,0
386,./CarData/TrainImages/pos-476.pgm,1
387,./CarData/TrainImages/pos-294.pgm,1
388,./CarData/TrainImages/neg-298.pgm,0
389,./CarData/TrainImages/pos-284.pgm,1
390,./CarData/TrainImages/pos-135.pgm,1
391,./CarData/TrainImages/pos-383.pgm,1
392,./CarData/TrainImages/neg-205.pgm,0
393,./CarData/TrainImages/pos-103.pgm,1
394,./CarData/TrainImages/pos-192.pgm,1
395,./CarData/TrainImages/pos-227.pgm,1
396,./CarData/TrainImages/neg-190.pgm,0
397,./CarData/TrainImages/pos-287.pgm,1
398,./CarData/TrainImages/pos-388.pgm,1
399,./CarData/TrainImages/neg-153.pgm,0
400,./CarData/TrainImages/pos-185.pgm,1
401,./CarData/TrainImages/pos-210.pgm,1
402,./CarData/TrainImages/neg-196.pgm,0
403,./CarData/TrainImages/pos-483.pgm,1
404,./CarData/TrainImages/pos-208.pgm,1
405,./CarData/TrainImages/neg-283.pgm,0
406,./CarData/TrainImages/neg-202.pgm,0
407,./CarData/TrainImages/neg-43.pgm,0
408,./CarData/TrainImages/pos-412.pgm,1
409,./CarData/TrainImages/neg-486.pgm,0
410,./CarData/TrainImages/neg-356.pgm,0
411,./CarData/TrainImages/pos-53.pgm,1
412,./CarData/TrainImages/neg-414.pgm,0
413,./CarData/TrainImages/neg-317.pgm,0
414,./CarData/TrainImages/neg-388.pgm,0
415,./CarData/TrainImages/neg-73.pgm,0
416,./CarData/TrainImages/neg-54.pgm,0
417,./CarData/TrainImages/pos-255.pgm,1
418,./CarData/TrainImages/neg-146.pgm,0
419,./CarData/TrainImages/neg-184.pgm,0
420,./CarData/TrainImages/pos-98.pgm,1
421,./CarData/TrainImages/neg-432.pgm,0
422,./CarData/TrainImages/pos-21.pgm,1
423,./CarData/TrainImages/pos-433.pgm,1
424,./CarData/TrainImages/pos-229.pgm,1
425,./CarData/TrainImages/neg-483.pgm,0
426,./CarData/TrainImages/pos-468.pgm,1
427,./CarData/TrainImages/pos-430.pgm,1
428,./CarData/TrainImages/neg-354.pgm,0
429,./CarData/TrainImages/neg-226.pgm,0
430,./CarData/TrainImages/pos-218.pgm,1
431,./CarData/TrainImages/pos-367.pgm,1
432,./CarData/TrainImages/pos-334.pgm,1
433,./CarData/TrainImages/pos-341.pgm,1
434,./CarData/TrainImages/pos-155.pgm,1
435,./CarData/TrainImages/neg-35.pgm,0
436,./CarData/TrainImages/pos-471.pgm,1
437,./CarData/TrainImages/pos-447.pgm,1
438,./CarData/TrainImages/neg-271.pgm,0
439,./CarData/TrainImages/pos-296.pgm,1
440,./CarData/TrainImages/neg-449.pgm,0
441,./CarData/TrainImages/pos-138.pgm,1
442,./CarData/TrainImages/pos-459.pgm,1
443,./CarData/TrainImages/pos-325.pgm,1
444,./CarData/TrainImages/pos-146.pgm,1
445,./CarData/TrainImages/neg-430.pgm,0
446,./CarData/TrainImages/pos-23.pgm,1
447,./CarData/TrainImages/neg-111.pgm,0
448,./CarData/TrainImages/neg-381.pgm,0
449,./CarData/TrainImages/pos-224.pgm,1
450,./CarData/TrainImages/neg-441.pgm,0
451,./CarData/TrainImages/pos-333.pgm,1
452,./CarData/TrainImages/neg-247.pgm,0
453,./CarData/TrainImages/neg-425.pgm,0
454,./CarData/TrainImages/pos-14.pgm,1
455,./CarData/TrainImages/pos-17.pgm,1
456,./CarData/TrainImages/neg-426.pgm,0
457,./CarData/TrainImages/neg-443.pgm,0
458,./CarData/TrainImages/neg-411.pgm,0
459,./CarData/TrainImages/neg-30.pgm,0
460,./CarData/TrainImages/neg-25.pgm,0
461,./CarData/TrainImages/neg-412.pgm,0
462,./CarData/TrainImages/neg-273.pgm,0
463,./CarData/TrainImages/pos-124.pgm,1
464,./CarData/TrainImages/neg-436.pgm,0
465,./CarData/TrainImages/pos-25.pgm,1
466,./CarData/TrainImages/neg-52.pgm,0
467,./CarData/TrainImages/pos-526.pgm,1
468,./CarData/TrainImages/pos-209.pgm,1
469,./CarData/TrainImages/pos-411.pgm,1
470,./CarData/TrainImages/neg-210.pgm,0
471,./CarData/TrainImages/neg-408.pgm,0
472,./CarData/TrainImages/pos-485.pgm,1
473,./CarData/TrainImages/pos-206.pgm,1
474,./CarData/TrainImages/pos-120.pgm,1
475,./CarData/TrainImages/neg-290.pgm,0
476,./CarData/TrainImages/pos-541.pgm,1
477,./CarData/TrainImages/neg-51.pgm,0
478,./CarData/TrainImages/pos-366.pgm,1
479,./CarData/TrainImages/neg-231.pgm,0
480,./CarData/TrainImages/neg-421.pgm,0
481,./CarData/TrainImages/neg-495.pgm,0
482,./CarData/TrainImages/pos-330.pgm,1
483,./CarData/TrainImages/neg-174.pgm,0
484,./CarData/TrainImages/neg-99.pgm,0
485,./CarData/TrainImages/neg-17.pgm,0
486,./CarData/TrainImages/pos-479.pgm,1
487,./CarData/TrainImages/pos-272.pgm,1
488,./CarData/TrainImages/pos-463.pgm,1
489,./CarData/TrainImages/neg-94.pgm,0
490,./CarData/TrainImages/pos-48.pgm,1
491,./CarData/TrainImages/neg-482.pgm,0
492,./CarData/TrainImages/neg-275.pgm,0
493,./CarData/TrainImages/pos-82.pgm,1
494,./CarData/TrainImages/pos-176.pgm,1
495,./CarData/TrainImages/pos-203.pgm,1
496,./CarData/TrainImages/neg-276.pgm,0
497,./CarData/TrainImages/pos-282.pgm,1
498,./CarData/TrainImages/pos-274.pgm,1
499,./CarData/TrainImages/pos-436.pgm,1
500,./CarData/TrainImages/pos-148.pgm,1
501,./CarData/TrainImages/pos-548.pgm,1
502,./CarData/TrainImages/pos-119.pgm,1
503,./CarData/TrainImages/neg-467.pgm,0
504,./CarData/TrainImages/neg-400.pgm,0
505,./CarData/TrainImages/neg-395.pgm,0
506,./CarData/TrainImages/neg-215.pgm,0
507,./CarData/TrainImages/pos-133.pgm,1
508,./CarData/TrainImages/neg-57.pgm,0
509,./CarData/TrainImages/pos-544.pgm,1
510,./CarData/TrainImages/neg-138.pgm,0
511,./CarData/TrainImages/neg-309.pgm,0
512,./CarData/TrainImages/neg-373.pgm,0
513,./CarData/TrainImages/neg-488.pgm,0
514,./CarData/TrainImages/neg-304.pgm,0
515,./CarData/TrainImages/pos-305.pgm,1
516,./CarData/TrainImages/neg-96.pgm,0
517,./CarData/TrainImages/pos-515.pgm,1
518,./CarData/TrainImages/pos-79.pgm,1
519,./CarData/TrainImages/neg-23.pgm,0
520,./CarData/TrainImages/neg-87.pgm,0
521,./CarData/TrainImages/neg-84.pgm,0
522,./CarData/TrainImages/pos-363.pgm,1
523,./CarData/TrainImages/pos-179.pgm,1
524,./CarData/TrainImages/pos-226.pgm,1
525,./CarData/TrainImages/pos-314.pgm,1
526,./CarData/TrainImages/pos-360.pgm,1
527,./CarData/TrainImages/neg-460.pgm,0
528,./CarData/TrainImages/neg-367.pgm,0
529,./CarData/TrainImages/neg-214.pgm,0
530,./CarData/TrainImages/neg-498.pgm,0
531,./CarData/TrainImages/neg-90.pgm,0
532,./CarData/TrainImages/pos-235.pgm,1
533,./CarData/TrainImages/neg-64.pgm,0
534,./CarData/TrainImages/pos-180.pgm,1
535,./CarData/TrainImages/neg-475.pgm,0
536,./CarData/TrainImages/neg-118.pgm,0
537,./CarData/TrainImages/neg-368.pgm,0
538,./CarData/TrainImages/pos-121.pgm,1
539,./CarData/TrainImages/neg-40.pgm,0
540,./CarData/TrainImages/neg-268.pgm,0
541,./CarData/TrainImages/pos-191.pgm,1
542,./CarData/TrainImages/neg-415.pgm,0
543,./CarData/TrainImages/neg-423.pgm,0
544,./CarData/TrainImages/pos-12.pgm,1
545,./CarData/TrainImages/neg-120.pgm,0
546,./CarData/TrainImages/pos-93.pgm,1
547,./CarData/TrainImages/pos-167.pgm,1
548,./CarData/TrainImages/neg-454.pgm,0
549,./CarData/TrainImages/pos-147.pgm,1
550,./CarData/TrainImages/pos-299.pgm,1
551,./CarData/TrainImages/neg-195.pgm,0
552,./CarData/TrainImages/neg-171.pgm,0
553,./CarData/TrainImages/neg-428.pgm,0
554,./CarData/TrainImages/neg-267.pgm,0
555,./CarData/TrainImages/pos-117.pgm,1
556,./CarData/TrainImages/pos-63.pgm,1
557,./CarData/TrainImages/neg-106.pgm,0
558,./CarData/TrainImages/pos-344.pgm,1
559,./CarData/TrainImages/pos-351.pgm,1
560,./CarData/TrainImages/neg-66.pgm,0
561,./CarData/TrainImages/neg-45.pgm,0
562,./CarData/TrainImages/pos-239.pgm,1
563,./CarData/TrainImages/pos-71.pgm,1
564,./CarData/TrainImages/pos-264.pgm,1
565,./CarData/TrainImages/neg-177.pgm,0
566,./CarData/TrainImages/neg-239.pgm,0
567,./CarData/TrainImages/pos-145.pgm,1
568,./CarData/TrainImages/neg-252.pgm,0
569,./CarData/TrainImages/pos-355.pgm,1
570,./CarData/TrainImages/pos-376.pgm,1
571,./CarData/TrainImages/neg-76.pgm,0
572,./CarData/TrainImages/pos-199.pgm,1
573,./CarData/TrainImages/pos-132.pgm,1
574,./CarData/TrainImages/neg-79.pgm,0
575,./CarData/TrainImages/neg-493.pgm,0
576,./CarData/TrainImages/neg-458.pgm,0
577,./CarData/TrainImages/neg-206.pgm,0
578,./CarData/TrainImages/pos-478.pgm,1
579,./CarData/TrainImages/pos-80.pgm,1
580,./CarData/TrainImages/pos-174.pgm,1
581,./CarData/TrainImages/pos-369.pgm,1
582,./CarData/TrainImages/neg-187.pgm,0
583,./CarData/TrainImages/neg-104.pgm,0
584,./CarData/TrainImages/pos-536.pgm,1
585,./CarData/TrainImages/pos-55.pgm,1
586,./CarData/TrainImages/pos-349.pgm,1
587,./CarData/TrainImages/pos-58.pgm,1
588,./CarData/TrainImages/neg-117.pgm,0
589,./CarData/TrainImages/neg-125.pgm,0
590,./CarData/TrainImages/neg-24.pgm,0
591,./CarData/TrainImages/pos-29.pgm,1
592,./CarData/TrainImages/pos-4.pgm,1
593,./CarData/TrainImages/neg-126.pgm,0
594,./CarData/TrainImages/pos-168.pgm,1
595,./CarData/TrainImages/pos-66.pgm,1
596,./CarData/TrainImages/pos-112.pgm,1
597,./CarData/TrainImages/neg-102.pgm,0
598,./CarData/TrainImages/neg-193.pgm,0
599,./CarData/TrainImages/pos-106.pgm,1
600,./CarData/TrainImages/neg-337.pgm,0
601,./CarData/TrainImages/pos-245.pgm,1
602,./CarData/TrainImages/neg-4.pgm,0
603,./CarData/TrainImages/neg-310.pgm,0
604,./CarData/TrainImages/neg-58.pgm,0
605,./CarData/TrainImages/neg-81.pgm,0
606,./CarData/TrainImages/pos-326.pgm,1
607,./CarData/TrainImages/pos-8.pgm,1
608,./CarData/TrainImages/pos-458.pgm,1
609,./CarData/TrainImages/neg-237.pgm,0
610,./CarData/TrainImages/pos-502.pgm,1
611,./CarData/TrainImages/pos-270.pgm,1
612,./CarData/TrainImages/pos-512.pgm,1
613,./CarData/TrainImages/pos-73.pgm,1
614,./CarData/TrainImages/pos-266.pgm,1
615,./CarData/TrainImages/pos-196.pgm,1
616,./CarData/TrainImages/neg-451.pgm,0
617,./CarData/TrainImages/neg-163.pgm,0
618,./CarData/TrainImages/pos-508.pgm,1
619,./CarData/TrainImages/pos-260.pgm,1
620,./CarData/TrainImages/pos-50.pgm,1
621,./CarData/TrainImages/pos-307.pgm,1
622,./CarData/TrainImages/pos-204.pgm,1
623,./CarData/TrainImages/pos-365.pgm,1
624,./CarData/TrainImages/pos-238.pgm,1
625,./CarData/TrainImages/pos-256.pgm,1
626,./CarData/TrainImages/pos-158.pgm,1
627,./CarData/TrainImages/neg-134.pgm,0
628,./CarData/TrainImages/pos-335.pgm,1
629,./CarData/TrainImages/pos-41.pgm,1
630,./CarData/TrainImages/neg-50.pgm,0
631,./CarData/TrainImages/neg-221.pgm,0
632,./CarData/TrainImages/neg-315.pgm,0
633,./CarData/TrainImages/neg-420.pgm,0
634,./CarData/TrainImages/neg-345.pgm,0
635,./CarData/TrainImages/neg-434.pgm,0
636,./CarData/TrainImages/pos-27.pgm,1
637,./CarData/TrainImages/neg-115.pgm,0
638,./CarData/TrainImages/neg-348.pgm,0
639,./CarData/TrainImages/neg-38.pgm,0
640,./CarData/TrainImages/neg-69.pgm,0
641,./CarData/TrainImages/neg-326.pgm,0
642,./CarData/TrainImages/pos-108.pgm,1
643,./CarData/TrainImages/pos-74.pgm,1
644,./CarData/TrainImages/pos-499.pgm,1
645,./CarData/TrainImages/neg-461.pgm,0
646,./CarData/TrainImages/pos-513.pgm,1
647,./CarData/TrainImages/pos-379.pgm,1
648,./CarData/TrainImages/neg-481.pgm,0
649,./CarData/TrainImages/pos-457.pgm,1
650,./CarData/TrainImages/neg-347.pgm,0
651,./CarData/TrainImages/neg-286.pgm,0
652,./CarData/TrainImages/neg-396.pgm,0
653,./CarData/TrainImages/pos-442.pgm,1
654,./CarData/TrainImages/pos-34.pgm,1
655,./CarData/TrainImages/pos-99.pgm,1
656,./CarData/TrainImages/pos-244.pgm,1
657,./CarData/TrainImages/pos-100.pgm,1
658,./CarData/TrainImages/pos-118.pgm,1
659,./CarData/TrainImages/neg-445.pgm,0
660,./CarData/TrainImages/pos-317.pgm,1
661,./CarData/TrainImages/neg-121.pgm,0
662,./CarData/TrainImages/neg-211.pgm,0
663,./CarData/TrainImages/pos-15.pgm,1
664,./CarData/TrainImages/neg-424.pgm,0
665,./CarData/TrainImages/neg-418.pgm,0
666,./CarData/TrainImages/pos-501.pgm,1
667,./CarData/TrainImages/neg-63.pgm,0
668,./CarData/TrainImages/neg-232.pgm,0
669,./CarData/TrainImages/neg-497.pgm,0
670,./CarData/TrainImages/neg-147.pgm,0
671,./CarData/TrainImages/pos-258.pgm,1
672,./CarData/TrainImages/neg-246.pgm,0
673,./CarData/TrainImages/pos-261.pgm,1
674,./CarData/TrainImages/neg-491.pgm,0
675,./CarData/TrainImages/neg-223.pgm,0
676,./CarData/TrainImages/pos-288.pgm,1
677,./CarData/TrainImages/neg-470.pgm,0
678,./CarData/TrainImages/pos-220.pgm,1
679,./CarData/TrainImages/pos-429.pgm,1
680,./CarData/TrainImages/neg-341.pgm,0
681,./CarData/TrainImages/neg-484.pgm,0
682,./CarData/TrainImages/neg-185.pgm,0
683,./CarData/TrainImages/neg-42.pgm,0
684,./CarData/TrainImages/pos-69.pgm,1
685,./CarData/TrainImages/neg-342.pgm,0
686,./CarData/TrainImages/neg-123.pgm,0
687,./CarData/TrainImages/pos-45.pgm,1
688,./CarData/TrainImages/neg-234.pgm,0
689,./CarData/TrainImages/pos-280.pgm,1
690,./CarData/TrainImages/neg-14.pgm,0
691,./CarData/TrainImages/pos-416.pgm,1
692,./CarData/TrainImages/pos-431.pgm,1
693,./CarData/TrainImages/neg-316.pgm,0
694,./CarData/TrainImages/pos-31.pgm,1
695,./CarData/TrainImages/pos-271.pgm,1
696,./CarData/TrainImages/pos-95.pgm,1
697,./CarData/TrainImages/pos-161.pgm,1
698,./CarData/TrainImages/neg-303.pgm,0
699,./CarData/TrainImages/pos-297.pgm,1
700,./CarData/TrainImages/neg-92.pgm,0
701,./CarData/TrainImages/pos-511.pgm,1
702,./CarData/TrainImages/pos-237.pgm,1
703,./CarData/TrainImages/neg-33.pgm,0
704,./CarData/TrainImages/pos-523.pgm,1
705,./CarData/TrainImages/pos-308.pgm,1
706,./CarData/TrainImages/neg-148.pgm,0
707,./CarData/TrainImages/neg-143.pgm,0
708,./CarData/TrainImages/neg-150.pgm,0
709,./CarData/TrainImages/neg-22.pgm,0
710,./CarData/TrainImages/pos-268.pgm,1
711,./CarData/TrainImages/pos-136.pgm,1
712,./CarData/TrainImages/pos-386.pgm,1
713,./CarData/TrainImages/pos-529.pgm,1
714,./CarData/TrainImages/neg-256.pgm,0
715,./CarData/TrainImages/pos-378.pgm,1
716,./CarData/TrainImages/neg-255.pgm,0
717,./CarData/TrainImages/neg-240.pgm,0
718,./CarData/TrainImages/pos-356.pgm,1
719,./CarData/TrainImages/pos-123.pgm,1
720,./CarData/TrainImages/pos-128.pgm,1
721,./CarData/TrainImages/neg-243.pgm,0
722,./CarData/TrainImages/pos-295.pgm,1
723,./CarData/TrainImages/pos-30.pgm,1
724,./CarData/TrainImages/neg-227.pgm,0
725,./CarData/TrainImages/neg-229.pgm,0
726,./CarData/TrainImages/neg-31.pgm,0
727,./CarData/TrainImages/pos-408.pgm,1
728,./CarData/TrainImages/pos-223.pgm,1
729,./CarData/TrainImages/neg-478.pgm,0
730,./CarData/TrainImages/pos-426.pgm,1
731,./CarData/TrainImages/pos-443.pgm,1
732,./CarData/TrainImages/neg-446.pgm,0
733,./CarData/TrainImages/neg-109.pgm,0
734,./CarData/TrainImages/neg-453.pgm,0
735,./CarData/TrainImages/neg-199.pgm,0
736,./CarData/TrainImages/neg-369.pgm,0
737,./CarData/TrainImages/neg-86.pgm,0
738,./CarData/TrainImages/pos-399.pgm,1
739,./CarData/TrainImages/neg-68.pgm,0
740,./CarData/TrainImages/pos-46.pgm,1
741,./CarData/TrainImages/pos-302.pgm,1
742,./CarData/TrainImages/neg-291.pgm,0
743,./CarData/TrainImages/neg-353.pgm,0
744,./CarData/TrainImages/neg-20.pgm,0
745,./CarData/TrainImages/pos-47.pgm,1
746,./CarData/TrainImages/neg-49.pgm,0
747,./CarData/TrainImages/pos-384.pgm,1
748,./CarData/TrainImages/pos-293.pgm,1
749,./CarData/TrainImages/pos-126.pgm,1
750,./CarData/TrainImages/neg-155.pgm,0
751,./CarData/TrainImages/pos-387.pgm,1
752,./CarData/TrainImages/pos-449.pgm,1
753,./CarData/TrainImages/pos-462.pgm,1
754,./CarData/TrainImages/pos-7.pgm,1
755,./CarData/TrainImages/pos-381.pgm,1
756,./CarData/TrainImages/pos-277.pgm,1
757,./CarData/TrainImages/pos-401.pgm,1
758,./CarData/TrainImages/neg-385.pgm,0
759,./CarData/TrainImages/pos-140.pgm,1
760,./CarData/TrainImages/pos-194.pgm,1
761,./CarData/TrainImages/neg-294.pgm,0
762,./CarData/TrainImages/neg-277.pgm,0
763,./CarData/TrainImages/neg-166.pgm,0
764,./CarData/TrainImages/neg-191.pgm,0
765,./CarData/TrainImages/neg-359.pgm,0
766,./CarData/TrainImages/neg-312.pgm,0
767,./CarData/TrainImages/neg-100.pgm,0
768,./CarData/TrainImages/neg-439.pgm,0
769,./CarData/TrainImages/pos-188.pgm,1
770,./CarData/TrainImages/pos-249.pgm,1
771,./CarData/TrainImages/neg-74.pgm,0
772,./CarData/TrainImages/neg-183.pgm,0
773,./CarData/TrainImages/neg-403.pgm,0
774,./CarData/TrainImages/pos-322.pgm,1
775,./CarData/TrainImages/pos-382.pgm,1
776,./CarData/TrainImages/pos-193.pgm,1
777,./CarData/TrainImages/pos-440.pgm,1
778,./CarData/TrainImages/neg-320.pgm,0
779,./CarData/TrainImages/pos-361.pgm,1
780,./CarData/TrainImages/pos-537.pgm,1
781,./CarData/TrainImages/neg-338.pgm,0
782,./CarData/TrainImages/neg-176.pgm,0
783,./CarData/TrainImages/pos-42.pgm,1
784,./CarData/TrainImages/pos-531.pgm,1
785,./CarData/TrainImages/pos-279.pgm,1
786,./CarData/TrainImages/neg-21.pgm,0
787,./CarData/TrainImages/pos-346.pgm,1
788,./CarData/TrainImages/neg-264.pgm,0
789,./CarData/TrainImages/neg-179.pgm,0
790,./CarData/TrainImages/pos-142.pgm,1
791,./CarData/TrainImages/pos-225.pgm,1
792,./CarData/TrainImages/pos-257.pgm,1
793,./CarData/TrainImages/neg-409.pgm,0
794,./CarData/TrainImages/pos-321.pgm,1
795,./CarData/TrainImages/pos-454.pgm,1
796,./CarData/TrainImages/neg-244.pgm,0
797,./CarData/TrainImages/neg-250.pgm,0
798,./CarData/TrainImages/pos-59.pgm,1
799,./CarData/TrainImages/pos-269.pgm,1
800,./CarData/TrainImages/pos-254.pgm,1
801,./CarData/TrainImages/pos-484.pgm,1
802,./CarData/TrainImages/neg-285.pgm,0
803,./CarData/TrainImages/pos-309.pgm,1
804,./CarData/TrainImages/neg-180.pgm,0
805,./CarData/TrainImages/pos-190.pgm,1
806,./CarData/TrainImages/pos-13.pgm,1
807,./CarData/TrainImages/neg-422.pgm,0
808,./CarData/TrainImages/pos-285.pgm,1
809,./CarData/TrainImages/pos-380.pgm,1
810,./CarData/TrainImages/pos-329.pgm,1
811,./CarData/TrainImages/neg-28.pgm,0
812,./CarData/TrainImages/pos-2.pgm,1
813,./CarData/TrainImages/pos-406.pgm,1
814,./CarData/TrainImages/neg-376.pgm,0
815,./CarData/TrainImages/neg-313.pgm,0
816,./CarData/TrainImages/pos-62.pgm,1
817,./CarData/TrainImages/pos-116.pgm,1
818,./CarData/TrainImages/neg-429.pgm,0
819,./CarData/TrainImages/pos-252.pgm,1
820,./CarData/TrainImages/pos-189.pgm,1
821,./CarData/TrainImages/neg-288.pgm,0
822,./CarData/TrainImages/pos-159.pgm,1
823,./CarData/TrainImages/neg-455.pgm,0
824,./CarData/TrainImages/pos-250.pgm,1
825,./CarData/TrainImages/pos-156.pgm,1
826,./CarData/TrainImages/pos-324.pgm,1
827,./CarData/TrainImages/neg-297.pgm,0
828,./CarData/TrainImages/neg-65.pgm,0
829,./CarData/TrainImages/neg-448.pgm,0
830,./CarData/TrainImages/neg-322.pgm,0
831,./CarData/TrainImages/neg-161.pgm,0
832,./CarData/TrainImages/pos-162.pgm,1
833,./CarData/TrainImages/pos-96.pgm,1
834,./CarData/TrainImages/pos-410.pgm,1
835,./CarData/TrainImages/pos-337.pgm,1
836,./CarData/TrainImages/neg-332.pgm,0
837,./CarData/TrainImages/pos-375.pgm,1
838,./CarData/TrainImages/neg-217.pgm,0
839,./CarData/TrainImages/neg-380.pgm,0
840,./CarData/TrainImages/pos-18.pgm,1
841,./CarData/TrainImages/pos-340.pgm,1
842,./CarData/TrainImages/neg-219.pgm,0
843,./CarData/TrainImages/neg-278.pgm,0
844,./CarData/TrainImages/pos-246.pgm,1
845,./CarData/TrainImages/neg-142.pgm,0
846,./CarData/TrainImages/pos-129.pgm,1
847,./CarData/TrainImages/pos-153.pgm,1
848,./CarData/TrainImages/pos-164.pgm,1
849,./CarData/TrainImages/pos-90.pgm,1
850,./CarData/TrainImages/pos-359.pgm,1
851,./CarData/TrainImages/pos-413.pgm,1
852,./CarData/TrainImages/pos-336.pgm,1
853,./CarData/TrainImages/neg-258.pgm,0
854,./CarData/TrainImages/pos-398.pgm,1
855,./CarData/TrainImages/neg-145.pgm,0
856,./CarData/TrainImages/neg-27.pgm,0
857,./CarData/TrainImages/neg-15.pgm,0
858,./CarData/TrainImages/pos-474.pgm,1
859,./CarData/TrainImages/pos-35.pgm,1
860,./CarData/TrainImages/neg-472.pgm,0
861,./CarData/TrainImages/neg-16.pgm,0
862,./CarData/TrainImages/pos-520.pgm,1
863,./CarData/TrainImages/pos-467.pgm,1
864,./CarData/TrainImages/neg-59.pgm,0
865,./CarData/TrainImages/neg-32.pgm,0
866,./CarData/TrainImages/neg-80.pgm,0
867,./CarData/TrainImages/pos-16.pgm,1
868,./CarData/TrainImages/neg-410.pgm,0
869,./CarData/TrainImages/neg-392.pgm,0
870,./CarData/TrainImages/pos-84.pgm,1
871,./CarData/TrainImages/pos-170.pgm,1
872,./CarData/TrainImages/pos-391.pgm,1
873,./CarData/TrainImages/pos-453.pgm,1
874,./CarData/TrainImages/neg-129.pgm,0
875,./CarData/TrainImages/pos-423.pgm,1
876,./CarData/TrainImages/pos-493.pgm,1
877,./CarData/TrainImages/pos-419.pgm,1
878,./CarData/TrainImages/pos-243.pgm,1
879,./CarData/TrainImages/neg-253.pgm,0
880,./CarData/TrainImages/neg-212.pgm,0
881,./CarData/TrainImages/pos-394.pgm,1
882,./CarData/TrainImages/neg-10.pgm,0
883,./CarData/TrainImages/pos-240.pgm,1
884,./CarData/TrainImages/neg-165.pgm,0
885,./CarData/TrainImages/neg-393.pgm,0
886,./CarData/TrainImages/pos-51.pgm,1
887,./CarData/TrainImages/pos-10.pgm,1
888,./CarData/TrainImages/neg-189.pgm,0
889,./CarData/TrainImages/pos-490.pgm,1
890,./CarData/TrainImages/pos-312.pgm,1
891,./CarData/TrainImages/pos-327.pgm,1
892,./CarData/TrainImages/neg-207.pgm,0
893,./CarData/TrainImages/neg-12.pgm,0
894,./CarData/TrainImages/pos-323.pgm,1
895,./CarData/TrainImages/pos-304.pgm,1
896,./CarData/TrainImages/neg-114.pgm,0
897,./CarData/TrainImages/neg-225.pgm,0
898,./CarData/TrainImages/pos-318.pgm,1
899,./CarData/TrainImages/pos-328.pgm,1
900,./CarData/TrainImages/neg-228.pgm,0
901,./CarData/TrainImages/neg-119.pgm,0
902,./CarData/TrainImages/neg-220.pgm,0
903,./CarData/TrainImages/neg-245.pgm,0
904,./CarData/TrainImages/neg-137.pgm,0
905,./CarData/TrainImages/neg-281.pgm,0
906,./CarData/TrainImages/pos-315.pgm,1
907,./CarData/TrainImages/neg-468.pgm,0
908,./CarData/TrainImages/neg-362.pgm,0
909,./CarData/TrainImages/neg-279.pgm,0
910,./CarData/TrainImages/neg-405.pgm,0
911,./CarData/TrainImages/neg-361.pgm,0
912,./CarData/TrainImages/neg-300.pgm,0
913,./CarData/TrainImages/neg-477.pgm,0
914,./CarData/TrainImages/neg-7.pgm,0
915,./CarData/TrainImages/pos-338.pgm,1
916,./CarData/TrainImages/neg-474.pgm,0
917,./CarData/TrainImages/neg-116.pgm,0
918,./CarData/TrainImages/neg-235.pgm,0
919,./CarData/TrainImages/neg-169.pgm,0
920,./CarData/TrainImages/neg-34.pgm,0
921,./CarData/TrainImages/pos-540.pgm,1
922,./CarData/TrainImages/pos-477.pgm,1
923,./CarData/TrainImages/neg-494.pgm,0
924,./CarData/TrainImages/pos-141.pgm,1
925,./CarData/TrainImages/pos-404.pgm,1
926,./CarData/TrainImages/neg-224.pgm,0
927,./CarData/TrainImages/neg-257.pgm,0
928,./CarData/TrainImages/pos-473.pgm,1
929,./CarData/TrainImages/pos-186.pgm,1
930,./CarData/TrainImages/neg-274.pgm,0
931,./CarData/TrainImages/neg-444.pgm,0
932,./CarData/TrainImages/pos-316.pgm,1
933,./CarData/TrainImages/neg-496.pgm,0
934,./CarData/TrainImages/neg-85.pgm,0
935,./CarData/TrainImages/pos-362.pgm,1
936,./CarData/TrainImages/neg-431.pgm,0
937,./CarData/TrainImages/pos-422.pgm,1
938,./CarData/TrainImages/pos-445.pgm,1
939,./CarData/TrainImages/pos-525.pgm,1
940,./CarData/TrainImages/pos-22.pgm,1
941,./CarData/TrainImages/pos-105.pgm,1
942,./CarData/TrainImages/neg-450.pgm,0
943,./CarData/TrainImages/neg-110.pgm,0
944,./CarData/TrainImages/pos-259.pgm,1
945,./CarData/TrainImages/pos-68.pgm,1
946,./CarData/TrainImages/pos-144.pgm,1
947,./CarData/TrainImages/pos-358.pgm,1
948,./CarData/TrainImages/neg-113.pgm,0
949,./CarData/TrainImages/pos-111.pgm,1
950,./CarData/TrainImages/pos-65.pgm,1
951,./CarData/TrainImages/neg-203.pgm,0
952,./CarData/TrainImages/pos-228.pgm,1
953,./CarData/TrainImages/neg-83.pgm,0
954,./CarData/TrainImages/pos-0.pgm,1
955,./CarData/TrainImages/neg-328.pgm,0
956,./CarData/TrainImages/neg-343.pgm,0
957,./CarData/TrainImages/pos-195.pgm,1
958,./CarData/TrainImages/neg-419.pgm,0
959,./CarData/TrainImages/pos-211.pgm,1
960,./CarData/TrainImages/pos-482.pgm,1
961,./CarData/TrainImages/pos-368.pgm,1
962,./CarData/TrainImages/neg-442.pgm,0
963,./CarData/TrainImages/neg-186.pgm,0
964,./CarData/TrainImages/pos-510.pgm,1
965,./CarData/TrainImages/pos-400.pgm,1
966,./CarData/TrainImages/neg-167.pgm,0
967,./CarData/TrainImages/pos-432.pgm,1
968,./CarData/TrainImages/pos-538.pgm,1
969,./CarData/TrainImages/pos-54.pgm,1
970,./CarData/TrainImages/neg-301.pgm,0
971,./CarData/TrainImages/pos-373.pgm,1
972,./CarData/TrainImages/neg-299.pgm,0
973,./CarData/TrainImages/pos-276.pgm,1
974,./CarData/TrainImages/pos-113.pgm,1
975,./CarData/TrainImages/pos-67.pgm,1
976,./CarData/TrainImages/pos-91.pgm,1
977,./CarData/TrainImages/pos-165.pgm,1
978,./CarData/TrainImages/pos-214.pgm,1
979,./CarData/TrainImages/neg-248.pgm,0
980,./CarData/TrainImages/pos-389.pgm,1
981,./CarData/TrainImages/pos-5.pgm,1
982,./CarData/TrainImages/neg-269.pgm,0
983,./CarData/TrainImages/neg-350.pgm,0
984,./CarData/TrainImages/neg-456.pgm,0
985,./CarData/TrainImages/pos-6.pgm,1
986,./CarData/TrainImages/neg-427.pgm,0
987,./CarData/TrainImages/pos-438.pgm,1
988,./CarData/TrainImages/neg-282.pgm,0
989,./CarData/TrainImages/neg-473.pgm,0
990,./CarData/TrainImages/neg-364.pgm,0
991,./CarData/TrainImages/neg-178.pgm,0
992,./CarData/TrainImages/pos-101.pgm,1
993,./CarData/TrainImages/neg-331.pgm,0
994,./CarData/TrainImages/neg-198.pgm,0
995,./CarData/TrainImages/neg-124.pgm,0
996,./CarData/TrainImages/pos-131.pgm,1
997,./CarData/TrainImages/pos-233.pgm,1
998,./CarData/TrainImages/neg-201.pgm,0
999,./CarData/TrainImages/pos-248.pgm,1
1000,./CarData/TrainImages/pos-183.pgm,1
1001,./CarData/TrainImages/neg-97.pgm,0
1002,./CarData/TrainImages/pos-289.pgm,1
1003,./CarData/TrainImages/pos-514.pgm,1
1004,./CarData/TrainImages/pos-425.pgm,1
1005,./CarData/TrainImages/neg-48.pgm,0
1006,./CarData/TrainImages/pos-530.pgm,1
1007,./CarData/TrainImages/pos-517.pgm,1
1008,./CarData/TrainImages/neg-471.pgm,0
1009,./CarData/TrainImages/pos-19.pgm,1
1010,./CarData/TrainImages/neg-208.pgm,0
1011,./CarData/TrainImages/pos-127.pgm,1
1012,./CarData/TrainImages/neg-154.pgm,0
1013,./CarData/TrainImages/pos-451.pgm,1
1014,./CarData/TrainImages/pos-291.pgm,1
1015,./CarData/TrainImages/pos-402.pgm,1
1016,./CarData/TrainImages/neg-53.pgm,0
1017,./CarData/TrainImages/neg-287.pgm,0
1018,./CarData/TrainImages/neg-280.pgm,0
1019,./CarData/TrainImages/pos-461.pgm,1
1020,./CarData/TrainImages/neg-270.pgm,0
1021,./CarData/TrainImages/neg-141.pgm,0
1022,./CarData/TrainImages/pos-371.pgm,1
1023,./CarData/TrainImages/neg-374.pgm,0
1024,./CarData/TrainImages/pos-343.pgm,1
1025,./CarData/TrainImages/pos-201.pgm,1
1026,./CarData/TrainImages/neg-457.pgm,0
1027,./CarData/TrainImages/pos-49.pgm,1
1028,./CarData/TrainImages/pos-33.pgm,1
1029,./CarData/TrainImages/neg-1.pgm,0
1030,./CarData/TrainImages/pos-456.pgm,1
1031,./CarData/TrainImages/pos-353.pgm,1
1032,./CarData/TrainImages/neg-131.pgm,0
1033,./CarData/TrainImages/neg-465.pgm,0
1034,./CarData/TrainImages/pos-472.pgm,1
1035,./CarData/TrainImages/neg-397.pgm,0
1036,./CarData/TrainImages/neg-71.pgm,0
1037,./CarData/TrainImages/neg-56.pgm,0
1038,./CarData/TrainImages/neg-293.pgm,0
1039,./CarData/TrainImages/pos-267.pgm,1
1040,./CarData/TrainImages/pos-72.pgm,1
1041,./CarData/TrainImages/pos-134.pgm,1
1042,./CarData/TrainImages/neg-204.pgm,0
1043,./CarData/TrainImages/neg-78.pgm,0
1044,./CarData/TrainImages/neg-60.pgm,0
1045,./CarData/TrainImages/neg-311.pgm,0
1046,./CarData/TrainImages/pos-286.pgm,1
1047,./CarData/TrainImages/pos-532.pgm,1
1048,./CarData/TrainImages/neg-390.pgm,0
